aber,but
acht,eight
achtzehn,eighteen
achtzig,eighty
adler,eagle
aehm,um / erm
aendern,to change
affe,monkey
alle,all
alles,everything
als,than / as
alt,old
am,at the
an,at / on
and,and (English loanword)
andere,other
anderen,other (declined)
anderes,other (neuter)
anfangen,to begin
anhang,appendix / attachment
ankommen,to arrive
antwort,answer
antworten,to answer
apfel,apple
april,April
arbeit,work / job
arbeiten,to work
arm,arm / poor
ass,ate
auch,also / too
auf,on / open
aufmachen,to open
aufstehen,to get up
aufzuschauen,to look up (infinitive)
august,August
aus,out / from
ausgang,exit
ausgeschaltet,switched off
ausland,abroad
aussen,outside
auto,car
außen,outside
aß,ate
bad,bath
badezimmer,bathroom
baecker,baker
bahnhof,train station
bald,soon
ball,ball
banane,banana
bauen,to build
baum,tree
beenden,to end / quit
beendet,ended / finished
befindest,find yourself (reflexive)
befindet,finds himself/itself
beginnt,begins
bei,at / near / with
beide,both
beispiel,example
bekommen,to receive / to get
bekommt,receives / gets
benutzen,to use
beobachtung,observation
berg,mountain
berlin,Berlin
beruf,profession
besser,better
best,best
bett,bed
bier,beer
bild,picture / image
bilder,pictures
bildschirm,screen
billig,cheap
bis,until
bist,are (2nd person sing.)
bitte,please
bitten,to ask
blau,blue
bleiben,to stay
blume,flower
blut,blood
boden,floor / ground
brauchen,to need
braun,brown
brief,letter
bringen,to bring
brot,bread
bruder,brother
buch,book
buecher,books
buehne,stage
bus,bus
butter,butter
bäcker,baker
bücher,books
bühne,stage
computer,computer
cool,cool
da,there
dabei,there / thereby
dafuer,for that
dafür,for that
damit,with it / so that
danach,after that
danken,to thank
dann,then
darauf,on it
das,the / that (neuter)
dass,that (conj.)
deckel,lid / cover
dein,your (informal)
deinem,to your
dem,to the (m/n dat.)
den,the (m acc. / dat. pl.)
denken,to think
denn,because / for
der,the (m nom.)
des,of the (m/n gen.)
deutsch,German
deutschland,Germany
dezember,December
dich,you (accusative)
die,the (f. / pl.)
dienstag,Tuesday
dies,this
diese,this (fem./pl.)
dieser,this (masc.)
dieses,this (neuter)
ding,thing
dir,to you
doch,yet / however / but
donnerstag,Thursday
doppelt,double
dort,there
drei,three
dreissig,thirty
dreizehn,thirteen
dreißig,thirty
drinnen,inside
druck,pressure
druecke,press (imperative)
druecken,to press
drücke,press (imperative)
drücken,to press
du,you (informal)
dumm,stupid
dunkel,dark
durch,through
durst,thirst
eben,just / simply
ecke,corner
ei,egg
eigentlich,actually
ein,one / a (m/n)
eine,a (fem.)
einem,to a (m/n)
einen,a (m accusative)
einige,some
einmal,once
eins,one
einzige,only (adj.)
eis,ice / ice cream
elf,eleven
eltern,parents
ende,end
endlich,finally
eng,narrow
entferntesten,farthest
enthaelt,contains
enthält,contains
entschuldigung,excuse me / apology
er,he
erde,earth
erst,first
erworbenen,acquired (declined)
es,it
essen,to eat / food
etwas,something
euch,you (plural acc./dat.)
euer,your (plural)
fahren,to drive / to go
fahrrad,bicycle
fallen,to fall
familie,family
fangen,to catch
farbe,color
fell,fur / pelt
fenster,window
fern,far
fernsehen,television / to watch TV
fernseher,television set
fernsehprogramm,TV programme
feuer,fire
finden,to find
findest,find (2nd sing.)
findet,finds
finger,finger
fisch,fish
flasche,bottle
fleisch,meat
fliegen,to fly
flucht,escape
flur,hallway / corridor
fluss,river
fragen,to ask
frau,woman / Mrs
frei,free
freitag,Friday
freund,friend (m)
freundin,friend (f) / girlfriend
frisch,fresh
froh,happy / glad
frueh,early
fruehling,spring
früh,early
frühling,spring
fuenf,five
fuenfzehn,fifteen
fuenfzig,fifty
fuer,for
fuesse,feet
fünf,five
fünfzehn,fifteen
fünfzig,fifty
für,for
füße,feet
gabel,fork
ganz,whole / completely
garten,garden
gast,guest
geben,to give
gegen,against / around
gehen,to go / to walk
gehst,go (2nd sing.)
geht,goes
gelb,yellow
geld,money
gerade,straight / just now
gern,gladly
geschenk,gift
geschichte,story / history
gespraech,conversation
gespräch,conversation
geste,gesture
gestern,yesterday
gesund,healthy
getraenk,drink / beverage
getränk,drink / beverage
glas,glass
glauben,to believe
gleich,same / equal / in a moment
glueck,luck / happiness
glück,luck / happiness
gold,gold
grau,gray
gross,big / large / tall
grosses,big (n declined)
groß,big / large / tall
großes,big (n declined)
gruen,green
grunzt,grunts
grün,green
gucken,to look (colloq.)
guckt,looks (colloq.)
gut,good
gute,good (declined)
haar,hair
haben,to have
haenden,hands (dative pl.)
halb,half
halle,hall
hallo,hello
hals,neck / throat
haltestelle,bus stop
hand,hand
handbuchs,of the handbook (genitive)
hast,have (2nd sing.)
hat,has
haus,house
hausaufgabe,homework
haustuer,front door
haustür,front door
heft,booklet / notebook
heiss,hot
heissen,to be called
heiß,hot
heißen,to be called
helfen,to help
hell,light / bright
herausbekommen,to find out / to figure out
herbst,autumn
herr,Mr / gentleman
herz,heart
heute,today
hier,here
hilfe,help
himmel,sky / heaven
hin,there (motion away)
hinten,behind
hinter,behind (prep.)
hoch,high
hoeren,to hear
hoffnung,hope
holen,to fetch / to get
holz,wood
hose,trousers
hund,dog
hungrig,hungry
händen,hands (dative pl.)
hören,to hear
ich,I
ich selber mich,I / myself / me
ihm,him (dative)
ihn,him (accusative)
ihnen,to you (formal) / to them
ihr,her / your (plural) / you (plural)
im,in the
immer,always
in,in
ins,into (in + das)
interessant,interesting
ja,yes
jacke,jacket
jahr,year
jahre,years
jahreszeit,season
januar,January
jeder,every / each
jener,that (distal)
jetzt,now
juli,July
jung,young
junge,boy
juni,June
kaffee,coffee
kalt,cold
kann,can (1/3 sing.)
kann sein,maybe
karte,map / card / ticket
katze,cat
kaufen,to buy
kein,no / none (m/n)
keinen,none (m acc.)
kennen,to know (a person)
kette,chain
kind,child
kino,cinema
kirche,church
klar,clear / of course
kleidung,clothing
klein,small
kleine,small (f. / pl.)
koennen,can / to be able
komisch,strange / funny
kommen,to come
kopf,head
kuchen,cake
kurz,short
können,can / to be able
lachen,to laugh
laesst,lets / allows
laeuft,runs / walks / is playing
lampe,lamp
land,country / land
lang,long
lassen,to let / to leave
laufen,to run / to walk
leben,life / to live
legen,to lay / to put
legst,put (2nd sing.)
lehrer,teacher (m)
lehrerin,teacher (f)
leicht,easy / light
leider,unfortunately
lernen,to learn
lesen,to read
leute,people
licht,light
liebe,love / dear
lieben,to love
liegt,lies / is located
lustig,funny
lässt,lets / allows
läuft,runs / walks / is playing
mach,make / do (imperative)
machen,to make / to do
mal,time(s) / once
mann,man
markt,market
matrose,sailor
mauer,wall (outside)
meer,sea
mehr,more
mein,my (m/n)
meine,my (f. / pl.)
meiner,my (m. dative)
mensch,human / person
messer,knife
miete,rent
milch,milk
mit,with
mitte,middle
mittwoch,Wednesday
monat,month
mond,moon
montag,Monday
morgen,morning / tomorrow
muede,tired
muessen,must / to have to
mund,mouth
murmelt,mumbles / murmurs
musik,music
müde,tired
müssen,must / to have to
nach,to / after
nachmittag,afternoon
nachricht,news / message
nacht,night
nahe,near
name,name
natur,nature
nehmen,to take
nein,no
neu,new
neun,nine
neunzehn,nineteen
neunzig,ninety
nicht,not
nichts,nothing
nie,never
niedrig,low
niedrigen,low (declined)
nimmt,takes
noch,still / yet
nord,north
norden,north
notiz,note
notizzettel,note / sticky note
november,November
nun,now
nur,only
ober,upper / waiter
obst,fruit
oder,or
ohne,without
ohr,ear
oktober,October
onkel,uncle
orangefarbener,orange-colored
osten,east
paar,pair / couple
papier,paper
partei,party (political)
pause,break / pause
polizei,police
post,post / mail
programm,programme
programmheft,programme booklet
pullover,sweater / pullover
putzen,to clean
quelltext,source code
rad,wheel / bike
radio,radio
rammt,rams / slams
regen,rain
regnen,to rain
reich,rich
reiss,rip / tear (imperative)
reisst,tears / rips
reiß,rip / tear (imperative)
reißt,tears / rips
rennen,to run
rick,Rick
rot,red
ruhig,quiet / calm
rund,round
sache,thing / matter
sagen,to say
salz,salt
samstag,Saturday
satz,sentence
sauber,clean
sauer,sour / annoyed
schachtel,box
schade,pity
schaffen,to create / to manage
schauen,to look
schaum,foam / lather
scheinen,to shine / to seem
schenken,to give (as gift)
schicken,to send
schiebt,pushes
schiff,ship
schimmer,glimmer / idea
schlafen,to sleep
schlafzimmer,bedroom
schlecht,bad
schliessen,to close
schliesst,closes
schließen,to close
schließt,closes
schloss,castle / lock
schluck,sip / gulp
schluessel,key
schlüssel,key
schmal,narrow
schnee,snow
schnell,fast
schock,shock
schoen,beautiful / nice
schokolade,chocolate
schon,already
schrank,cupboard / wardrobe
schreiben,to write
schreien,to shout
schuh,shoe
schule,school
schwarz,black
schwer,heavy / difficult
schwester,sister
schwimmen,to swim
schön,beautiful / nice
sechs,six
sechzehn,sixteen
sechzig,sixty
sehen,to see
sehr,very
seife,soap
sein,his / to be
seine,his (f / pl)
seit,since / for (time)
seite,page / side
sekunde,second
selber,myself
selten,rare / seldom
september,September
sich,himself / herself / themselves
sie,she / they / you (formal)
sieben,seven
siebzehn,seventeen
siebzig,seventy
siehst,see (2nd sing.)
sieht,sees
sitzen,to sit
so,so
sofa,sofa
sofort,immediately
sohn,son
soll,should
sommer,summer
sonn,sun
sonne,sun
sonntag,Sunday
sonst,otherwise
soweit,as far as
spanien,Spain
speisen,to dine
spiel,game
spielen,to play
sprache,language
sprechen,to speak
stadt,city
starken,strong (declined)
starrt,stares
station,station
stehlen,to steal
steht,stands / is located
stein,stone
sterben,to die
stern,star
stoesst,bumps / pushes
stolz,proud
strasse,street
straße,street
stunde,hour
stößt,bumps / pushes
suchen,to search / to look for
sucht,searches
sued,south
sueden,south
suess,sweet
süd,south
süden,south
süß,sweet
tag,day
tanzen,to dance
tasche,bag / pocket
tasse,cup
taste,key (keyboard)
tausend,thousand
tee,tea
teil,part
telefon,telephone
teppich,carpet
teuer,expensive
tisch,table
tischchen,small table
tochter,daughter
tor,gate / goal
tragen,to carry / to wear
trinken,to drink
tuer,door
tun,to do
tutorium,tutorial
tür,door
ueber,over / about
uebersetzen,to translate
uhr,clock / watch
um,around / at
und,and
uns,us
unser,our
unten,below / downstairs
unter,under
unterlippe,lower lip
vater,father
veraendern,to change / to alter
verdacht,suspicion
verkaufen,to sell
verlieren,to lose
verstehen,to understand
verändern,to change / to alter
viel,much / many
vielen,many (pl. dative)
vielleicht,perhaps
vier,four
vier jahreszeiten,four seasons
vierzehn,fourteen
vierzig,forty
vogel,bird
voll,full
voller,full of (declined)
vom,from the (m/n)
von,from / of
vor,before / in front of
vorzeitig,prematurely
waechst,grows
waehrend,during / while
wagen,car / coach
wald,forest
wand,wall (interior)
wann,when (question)
ware,goods / merchandise
warum,why
was,what
waschen,to wash
wasser,water
weg,way / path
weich,soft
weil,because
wein,wine
weinen,to cry
weiss,white / know(s)
weit,far / wide
weiß,white / know(s)
welt,world
wenig,few / little
wenigstens,at least
wenn,if / when
wer,who
werden,to become / will
westlich,western / to the west
wetter,weather
wichtig,important
wie,how / as / like
wieder,again
wiederholen,to repeat
will,want(s) (1/3 sing.)
wind,wind
winter,winter
wird,will / becomes
wissen,to know (a fact)
wo,where
woche,week
woerterbuch,dictionary
woertlich,literally
wohl,probably / well
wohnen,to live / to reside
wohnzimmer,living room
wolke,cloud
wollen,to want
wort,word
wuchs,grew
wächst,grows
während,during / while
wörterbuch,dictionary
wörtlich,literally
zahl,number
zehn,ten
zeichentrickfilm,cartoon
zeigen,to show
zeit,time
zettel,slip of paper / note
zimmer,room
zimmers,of the room (genitive)
zu,to / closed / too
zucker,sugar
zufrieden,satisfied / content
zug,train
zugehoert,listened
zugehört,listened
zuhoeren,to listen
zuhören,to listen
zum,to the (m/n)
zur,to the (f)
zurueck,back
zurück,back
zusammen,together
zwanzig,twenty
zwei,two
zwinkert,winks
zwoelf,twelve
zwölf,twelve
ähm,um / erm
ändern,to change
über,over / about
übersetzen,to translate
