spanish,english
a,"to, at"
abajo,"down, below"
abandonar,abandon
abierto,open
abogado,lawyer
abrazo,hug
abre,open
abrelatas,can opener
abrigo,coat
abrir,open
abuela,grandmother
abuelo,grandfather
aburrido,bored
acabar,"finish, end"
acceso,access
aceite,oil
aceituna,olive
aceptar,accept
acera,sidewalk
acerca de,about
acero,steel
acostarse,lie down
actividad,activity
actor,actor
actriz,actress
acuerdo,agreement
además,"moreover, besides"
adentro,inside
adiós,goodbye
adivinar,guess
administración,administration
adolescente,teenager
adónde,"where to"
adulto,adult
aeropuerto,airport
afuera,outside
agenda,agenda
agente,agent
agitar,shake
agosto,August
agotado,exhausted
agradable,pleasant
agradecer,thank
agua,water
aguacate,avocado
águila,eagle
aguja,needle
ahí,there
ahora,now
ahorrar,save
aire,air
ajo,garlic
al,"to the"
ala,wing
alambre,wire
alcalde,mayor
alcanzar,reach
aldea,village
alegre,happy
alegría,joy
alemán,German
alfombra,"carpet, rug"
algo,something
algodón,cotton
alguien,someone
algún,some
alguno,some
alimento,food
allá,over there
allí,there
alma,soul
almacén,"warehouse, store"
almohada,pillow
almorzar,have lunch
almuerzo,lunch
alojamiento,accommodation
alquilar,rent
alrededor,around
alto,"tall, high"
altura,height
alumno,student
amable,kind
amanecer,dawn
amante,lover
amar,love
amarillo,yellow
ambiente,environment
ambos,both
amenaza,threat
amigo,friend
amistad,friendship
amo,"master, owner"
amor,love
amplio,"wide, spacious"
añadir,add
análisis,analysis
anaranjado,orange
ancho,wide
anciano,elderly
andar,walk
anillo,ring
animal,animal
anoche,last night
anochecer,dusk
anotar,"note, write down"
anterior,previous
antes,before
antiguo,"old, ancient"
anual,annual
anunciar,announce
anuncio,advertisement
año,year
apagar,"turn off, extinguish"
aparato,device
aparecer,appear
apartamento,apartment
apellido,surname
apenas,barely
apetito,appetite
aplicación,application
apoyar,support
aprender,learn
apretar,"squeeze, press"
aprobar,"approve, pass"
aprovechar,take advantage
aquel,that
aquella,that
aquellas,those
aquellos,those
aquí,here
araña,spider
árbol,tree
arbusto,bush
archivar,file
arcilla,clay
arco iris,rainbow
área,area
arena,sand
arete,earring
arma,weapon
armario,"wardrobe, closet"
arquitecto,architect
arrancar,"start, pull out"
arreglar,"fix, arrange"
arriba,"up, above"
arriesgar,risk
arrodillarse,kneel
arrojar,throw
arroyo,stream
arroz,rice
arte,art
artesanía,craft
artículo,article
artista,artist
asado,roasted
asar,roast
ascensor,elevator
asegurar,ensure
asesinar,murder
así,"so, like this"
asiento,seat
asistir,attend
asno,donkey
asomar,peek
asunto,"matter, issue"
atacar,attack
ataque,attack
atar,tie
atardecer,sunset
atención,attention
atender,attend to
atrás,behind
atrasar,delay
atravesar,cross
atreverse,dare
aún,still
aunque,although
autobús,bus
automóvil,car
autopista,highway
autor,author
autoridad,authority
avanzar,advance
ave,bird
avenida,avenue
aventura,adventure
avergonzar,embarrass
averiguar,find out
avión,airplane
avisar,warn
ayer,yesterday
ayuda,help
ayudar,help
ayuntamiento,city hall
azúcar,sugar
azul,blue
bailar,dance
baile,dance
bajar,"go down, lower"
bajo,"short, low, under"
balcón,balcony
balón,ball
banana,banana
banco,"bank, bench"
banda,band
bandera,flag
bañera,bathtub
baño,bathroom
barato,cheap
barba,beard
barbilla,chin
barco,"ship, boat"
barrer,sweep
barrio,neighborhood
barro,mud
base,base
bastante,"enough, quite"
basura,trash
bata,robe
batalla,battle
batería,battery
batir,"beat, whisk"
beber,drink
bebida,drink
belleza,beauty
bello,beautiful
bendición,blessing
besar,kiss
beso,kiss
biblioteca,library
bicicleta,bicycle
bien,"well, good"
bienvenido,welcome
bigote,mustache
billete,"ticket, bill"
bisabuelo,great-grandfather
blanco,white
blando,soft
bloque,block
blusa,blouse
boca,mouth
bocadillo,sandwich
boda,wedding
bodega,"wine cellar, warehouse"
boleto,ticket
bolígrafo,pen
bolsa,"bag, purse"
bolsillo,pocket
bomba,bomb
bombero,firefighter
bonito,pretty
borde,edge
borrar,erase
bosque,forest
bota,boot
bote,"boat, can"
botella,bottle
botón,button
brazo,arm
breve,brief
brillar,shine
broma,joke
bronce,bronze
buenas noches,good night
buenas tardes,good afternoon
bueno,good
buenos días,good morning
bufanda,scarf
burro,donkey
buscar,"look for, search"
buzón,mailbox
caballero,gentleman
caballo,horse
cabello,hair
cabeza,head
cable,cable
cabo,cape
cabra,goat
cada,each
cadena,chain
cadera,hip
caer,fall
café,"coffee, brown"
caída,fall
caja,box
cajero,cashier
cajón,drawer
calabaza,pumpkin
calcetín,sock
calefacción,heating
calendario,calendar
calentar,"heat, warm"
calidad,quality
caliente,hot
callado,quiet
callar,be quiet
calle,street
calma,calm
calor,heat
calvo,bald
calzado,footwear
cama,bed
cámara,camera
camarero,waiter
camarón,shrimp
cambiar,change
cambio,change
caminar,walk
camino,"road, path"
camión,truck
camisa,shirt
camiseta,t-shirt
campamento,camp
campana,bell
campeón,champion
campesino,farmer
campo,"field, countryside"
canal,channel
canasta,basket
cancelar,cancel
canción,song
canguro,kangaroo
cansado,tired
cantante,singer
cantar,sing
cantidad,quantity
caña,cane
capaz,capable
capital,capital
capitán,captain
capítulo,chapter
capturar,capture
cara,face
carácter,character
cárcel,prison
carga,load
cargar,"load, carry, charge"
cariño,affection
cariñoso,affectionate
carne,meat
carnicería,butcher shop
caro,expensive
carpeta,folder
carpintero,carpenter
carrera,"race, career"
carretera,road
carro,"car, cart"
carta,"letter, card"
cartera,"wallet, briefcase"
cartero,mailman
cartón,cardboard
casa,house
casado,married
casarse,get married
cascada,waterfall
cáscara,shell
casi,almost
caso,case
castaño,brown
castigar,punish
castillo,castle
causar,cause
cazador,hunter
cazar,hunt
cebolla,onion
ceder,yield
celebrar,celebrate
celoso,jealous
cemento,cement
cena,dinner
cenar,have dinner
ceniza,ash
centavo,cent
centro,center
cepillar,brush
cepillo,brush
cerca,near
cerdo,pig
cerebro,brain
ceremonia,ceremony
cereza,cherry
cero,zero
cerrado,closed
cerradura,lock
cerrar,close
cerro,hill
certificado,certificate
cerveza,beer
césped,"lawn, grass"
cesta,basket
chaleco,vest
champú,shampoo
chaqueta,jacket
charlar,chat
cheque,check
chica,girl
chico,boy
chimenea,fireplace
chiste,joke
chocar,crash
chocolate,chocolate
chofer,driver
choque,crash
chuleta,chop
cielo,sky
cien,one hundred
ciencia,science
científico,scientist
cierre,closure
cierto,"certain, true"
cifra,"figure, number"
cima,summit
cinco,five
cine,cinema
cinturón,belt
circunstancia,circumstance
ciruela,plum
cirujano,surgeon
cita,appointment
ciudad,city
ciudadano,citizen
civil,civil
claro,"clear, light"
clase,class
clavar,nail
clave,key
clavo,nail
cliente,customer
clima,climate
clínica,clinic
cobrar,"charge, collect"
cobre,copper
cocina,kitchen
cocinar,cook
cocinero,cook
coco,coconut
cocodrilo,crocodile
codo,elbow
coger,"take, grab"
cojín,cushion
cola,"tail, queue"
colchón,mattress
colegio,school
colgar,hang
colina,hill
collar,necklace
colocar,place
color,color
columna,column
comedor,dining room
comenzar,begin
comer,eat
comerciante,merchant
comercio,commerce
comestibles,groceries
comida,"food, meal"
comisaría,police station
cómo,how
cómodo,comfortable
compañero,companion
compañía,company
comparar,compare
compartir,share
competencia,competition
completar,complete
completo,complete
compra,purchase
comprar,buy
comprender,understand
computadora,computer
común,common
con,with
concentrar,concentrate
concierto,concert
concreto,concrete
concurso,contest
condición,condition
conducir,drive
conductor,driver
conejo,rabbit
conferencia,conference
confianza,trust
confiar,trust
confirmar,confirm
confundir,confuse
congelado,frozen
congelar,freeze
congreso,congress
conmigo,with me
conocer,know
conocido,known
conocimiento,knowledge
conseguir,get
consejo,advice
conservar,preserve
considerar,consider
constitución,constitution
construir,build
consulta,consultation
contacto,contact
contar,"count, tell"
contener,contain
contento,happy
contestar,answer
contigo,with you
continuar,continue
contra,against
contrario,opposite
contrato,contract
contribuir,contribute
control,control
controlar,control
convencer,convince
conversación,conversation
conversar,converse
convertir,convert
copa,"glass, cup"
copia,copy
copiar,copy
corazón,heart
corbata,tie
cordero,lamb
cordón,cord
corona,crown
correcto,correct
corregir,correct
correo,mail
correr,run
corresponder,correspond
corriente,current
cortar,cut
cortés,polite
cortina,curtain
corto,short
cosa,thing
cosecha,harvest
coser,sew
costa,coast
costar,cost
costilla,rib
costumbre,custom
costura,sewing
crear,create
crecer,grow
creer,believe
crema,cream
criada,maid
criar,raise
crimen,crime
cristal,"glass, crystal"
criticar,criticize
crudo,raw
cruel,cruel
cruz,cross
cruzar,cross
cuaderno,notebook
cuadra,block
cuadro,"painting, picture"
cuál,which
cualquier,any
cuando,when
cuánto,"how much, how many"
cuarenta,forty
cuarto,"room, fourth"
cuatro,four
cubierto,covered
cubrir,cover
cuchara,spoon
cucharada,tablespoon
cucharilla,teaspoon
cuchillo,knife
cuello,neck
cuenta,"account, bill"
cuento,story
cuerda,rope
cuero,leather
cuerpo,body
cuesta,slope
cueva,cave
cuidado,care
cuidar,take care
culebra,snake
culpa,blame
culpable,guilty
cultivar,cultivate
cultura,culture
cumbre,summit
cumpleaños,birthday
cumplir,fulfill
cuna,cradle
cuñado,brother-in-law
cura,"priest, cure"
curar,cure
curioso,curious
curso,course
dama,lady
dañar,damage
daño,damage
dar,give
de,"of, from"
debajo,under
deber,"must, owe"
débil,weak
decidir,decide
decir,say
decisión,decision
declarar,declare
decorar,decorate
dedo,finger
defender,defend
definitivo,definitive
dejar,"leave, let"
del,of the
delante,"in front of"
delgado,thin
delicado,delicate
delicioso,delicious
delito,crime
demás,"the rest, others"
demasiado,"too much"
democracia,democracy
demostrar,demonstrate
dentista,dentist
dentro,inside
departamento,department
depender,depend
deporte,sport
deportista,athlete
depositar,deposit
derecha,right
derecho,"right, law"
derramar,spill
derretir,melt
derrotar,defeat
desafortunado,unfortunate
desaparecer,disappear
desarrollar,develop
desarrollo,development
desastre,disaster
desayunar,have breakfast
desayuno,breakfast
descansar,rest
descanso,rest
desconocido,unknown
describir,describe
descubrir,discover
desde,since
desear,wish
desempleo,unemployment
desierto,desert
desnudo,naked
despacho,office
despacio,slowly
despedir,fire
despejado,clear
despertar,wake up
después,after
destino,destination
destruir,destroy
desviar,divert
detallar,detail
detener,stop
detrás,behind
deuda,debt
devolver,return
día,day
diablo,devil
diagrama,diagram
diálogo,dialogue
diamante,diamond
diario,"daily, diary"
dibujar,draw
dibujo,drawing
diccionario,dictionary
diciembre,December
dictador,dictator
diente,tooth
dieta,diet
diez,ten
diferencia,difference
diferente,different
difícil,difficult
dinero,money
dios,god
diploma,diploma
diputado,deputy
dirección,"address, direction"
directo,direct
director,director
dirigir,direct
disciplina,discipline
disco,disc
discurso,speech
discutir,discuss
diseñar,design
diseño,design
disfraz,costume
disfrutar,enjoy
disgustado,upset
disminuir,decrease
disparar,shoot
disponible,available
distancia,distance
distinguir,distinguish
distinto,different
distribuir,distribute
distrito,district
diversión,fun
divertido,funny
divertirse,have fun
dividir,divide
doble,double
doce,twelve
doctor,doctor
documento,document
dólar,dollar
doler,hurt
dolor,pain
doméstico,domestic
domingo,Sunday
dominar,dominate
donde,where
dorado,golden
dormir,sleep
dormitorio,bedroom
dos,two
droga,drug
ducha,shower
ducharse,take a shower
duda,doubt
dudar,doubt
dueño,owner
dulce,sweet
durante,during
duro,hard
e,and
echar,"throw, pour"
economía,economy
edad,age
edición,edition
edificio,building
editar,edit
educación,education
educar,educate
efecto,effect
eficaz,effective
ejemplo,example
ejército,army
el,"the, he"
él,he
elección,election
electricidad,electricity
elegante,elegant
elegir,choose
elevar,raise
ella,she
ellas,they
ellos,they
embajada,embassy
embajador,ambassador
embarazada,pregnant
embargo,embargo
emergencia,emergency
emoción,emotion
emocionante,exciting
empacar,pack
empezar,start
empleado,employee
empleo,employment
empresa,company
empujar,push
en,"in, on"
enamorado,in love
encantado,delighted
encantar,enchant
encender,"light, turn on"
encerrar,lock up
encima,on top of
encontrar,find
enemigo,enemy
energía,energy
enero,January
enfadado,angry
enfermedad,illness
enfermero,nurse
enfermo,sick
enfrente,in front
engañar,deceive
engordar,gain weight
enhorabuena,congratulations
enlace,link
enojado,angry
enorme,enormous
enseñar,teach
ensuciar,dirty
entender,understand
enterarse,find out
entero,whole
enterrar,bury
entonces,then
entrada,"entrance, ticket"
entrar,enter
entre,between
entregar,deliver
entrenamiento,training
entrenar,train
entretener,entertain
entrevista,interview
enviar,send
envolver,wrap
época,era
equipaje,luggage
equipo,"team, equipment"
equivalente,equivalent
equivocarse,be wrong
error,error
escalera,"stairs, ladder"
escapar,escape
escena,scene
escoger,choose
esconder,hide
escribir,write
escritor,writer
escritorio,desk
escritura,writing
escuchar,listen
escuela,school
escultura,sculpture
ese,that
esfuerzo,effort
eso,that
espalda,back
español,Spanish
esparcir,scatter
especial,special
especie,species
espectáculo,show
espejo,mirror
espera,wait
esperanza,hope
esperar,"wait, hope"
espeso,thick
espiar,spy
espina,thorn
espíritu,spirit
esposa,wife
esposo,husband
esquina,corner
esta,this
establecer,establish
estación,"station, season"
estado,state
estante,shelf
estar,be
este,this
estilo,style
estimado,esteemed
estirar,stretch
estómago,stomach
estornudar,sneeze
estos,these
estrecho,narrow
estrella,star
estrés,stress
estructura,structure
estudiante,student
estudiar,study
estudio,study
estufa,stove
etapa,stage
etiqueta,"label, tag"
evento,event
evitar,avoid
exagerar,exaggerate
examen,exam
examinar,examine
excelente,excellent
excepto,except
excursión,excursion
excusar,excuse
éxito,success
experiencia,experience
experimentar,experiment
experto,expert
explicar,explain
explorar,explore
explosión,explosion
exportar,export
exposición,exhibition
expresar,express
expresión,expression
extender,extend
exterior,exterior
extranjero,foreigner
extraño,strange
fábrica,factory
fácil,easy
factura,invoice
falda,skirt
falso,false
falta,"lack, mistake"
faltar,"lack, miss"
fama,fame
familia,family
famoso,famous
fantasma,ghost
farmacia,pharmacy
favor,favor
favorito,favorite
fe,faith
febrero,February
fecha,date
felicidad,happiness
felicitar,congratulate
feliz,happy
feo,ugly
feria,fair
ferrocarril,railway
fiarse,trust
fiesta,party
fila,"row, line"
filete,steak
fin,end
final,final
finca,estate
fingir,pretend
fino,fine
firma,"signature, firm"
firmar,sign
firme,firm
física,physics
flaco,skinny
flan,flan
flor,flower
florero,vase
flotar,float
fondo,bottom
forma,"form, shape"
formal,formal
formar,form
fortuna,fortune
foto,photo
fotografía,photography
fracaso,failure
francés,French
frase,sentence
frecuente,frequent
freír,fry
freno,brake
frente,"front, forehead"
fresa,strawberry
fresco,"fresh, cool"
frío,cold
frito,fried
frontera,border
fruta,fruit
fuego,fire
fuente,"fountain, source"
fuera,outside
fuerte,strong
fuerza,"force, strength"
fumar,smoke
funcionar,work
futuro,future
gafas,glasses
galleta,cookie
gallina,hen
gallo,rooster
ganar,"win, earn"
ganas,"desire, wish"
ganso,goose
garaje,garage
garganta,throat
gasolina,gasoline
gastar,spend
gasto,expense
gato,cat
gemelo,twin
generación,generation
general,general
generoso,generous
gente,people
geografía,geography
gerente,manager
gigante,giant
girar,turn
globo,"balloon, globe"
gobierno,government
gol,goal
golpear,hit
gordo,fat
gorra,cap
gota,drop
gotear,drip
gozar,enjoy
grabación,recording
grabar,record
gracias,thank you
gracioso,funny
grado,degree
gramática,grammar
grande,"big, large"
granja,farm
grasa,grease
gratis,free
grave,serious
gris,gray
gritar,shout
grito,shout
grupo,group
guante,glove
guapo,handsome
guardar,"keep, save"
guardia,guard
guerra,war
guía,guide
guiar,guide
guitarra,guitar
gustar,like
gusto,"taste, pleasure"
haber,have
habitación,room
habitante,inhabitant
habitar,inhabit
hablar,speak
hace,ago
hacer,do
hacia,toward
hallar,find
hambre,hunger
hambriento,hungry
harina,flour
hasta,until
hay,there is
hecho,"fact, done"
helado,"ice cream, frozen"
hembra,female
heredar,inherit
herencia,inheritance
herida,wound
herido,wounded
hermana,sister
hermano,brother
hermoso,beautiful
héroe,hero
herramienta,tool
hervir,boil
hielo,ice
hierba,grass
hierro,iron
hija,daughter
hijo,son
hilo,thread
hinchar,swell
historia,"history, story"
hogar,home
hoja,"leaf, sheet"
hola,hello
hombre,man
hombro,shoulder
hondo,deep
honesto,honest
honor,honor
hora,hour
horizonte,horizon
hormiga,ant
horno,oven
horrible,horrible
horror,horror
hospital,hospital
hotel,hotel
hoy,today
hoyo,hole
hueco,hollow
huelga,strike
huella,footprint
huerta,orchard
hueso,bone
huésped,guest
huevo,egg
huir,flee
humano,human
humedad,humidity
húmedo,humid
humilde,humble
humo,smoke
humor,humor
hundir,sink
huracán,hurricane
idea,idea
idioma,language
idiota,idiot
iglesia,church
ignorar,ignore
igual,equal
ilegal,illegal
imagen,image
imaginar,imagine
impedir,prevent
imperio,empire
importar,"matter, import"
imposible,impossible
impresión,impression
impresora,printer
imprimir,print
impuesto,tax
impulsar,drive
incendio,fire
incluir,include
incluso,even
incómodo,uncomfortable
increíble,incredible
independencia,independence
indicar,indicate
indígena,indigenous
industria,industry
infancia,childhood
inferior,lower
influencia,influence
información,information
informar,inform
informe,report
ingeniero,engineer
inglés,English
ingresar,enter
inicio,beginning
injusto,unfair
inmediato,immediate
inocente,innocent
insecto,insect
insistir,insist
instalar,install
instrucción,instruction
instrumento,instrument
inteligente,intelligent
intención,intention
intentar,try
interés,interest
interesante,interesting
interesar,interest
interior,interior
internacional,international
internet,internet
interpretar,interpret
introducir,introduce
inundación,flood
inútil,useless
inventar,invent
inversión,investment
invertir,invest
investigar,investigate
invierno,winter
invitación,invitation
invitar,invite
ir,go
isla,island
izquierda,left
jabón,soap
jamás,never
jamón,ham
jardín,garden
jardinero,gardener
jarra,jug
jaula,cage
jefe,boss
joven,young
joya,jewel
joyería,jewelry store
jubilación,retirement
juego,game
jueves,Thursday
juez,judge
jugador,player
jugar,play
jugo,juice
juguete,toy
juicio,"trial, judgment"
julio,July
junio,June
juntar,join
junto,together
juramento,oath
jurar,swear
justicia,justice
justo,"fair, just"
juventud,youth
juzgar,judge
kilo,kilogram
la,"the, her"
labio,lip
labor,work
labrar,carve
ladera,hillside
lado,side
ladrillo,brick
ladrón,thief
lago,lake
lágrima,tear
lamentar,regret
lámpara,lamp
lana,wool
lanzar,"throw, launch"
lápiz,pencil
largo,long
las,the
lástima,pity
lata,can
lavar,wash
le,him
lección,lesson
leche,milk
lector,reader
lectura,reading
leer,read
legumbre,vegetable
lejano,far
lejos,far
lengua,"tongue, language"
lento,slow
leña,firewood
león,lion
les,them
lesión,injury
letra,"letter, handwriting"
levantar,lift
levantarse,get up
ley,law
leyenda,legend
libertad,freedom
libre,free
librería,bookstore
libro,book
licencia,license
líder,leader
ligero,light
limitar,limit
limón,lemon
limpiar,clean
limpio,clean
lindo,cute
línea,line
linterna,flashlight
líquido,liquid
lista,list
listo,"ready, smart"
literatura,literature
litro,liter
llamar,call
llamarse,be called
llave,key
llegada,arrival
llegar,arrive
llenar,fill
lleno,full
llevar,"carry, wear"
llorar,cry
llover,rain
lluvia,rain
lo,"it, the"
lobo,wolf
loco,crazy
lodo,mud
lograr,achieve
loro,parrot
los,the
luchar,fight
luego,"then, later"
lugar,place
lujo,luxury
luna,moon
lunes,Monday
luz,light
madera,wood
madrastra,stepmother
madre,mother
maduro,"mature, ripe"
maestro,teacher
magia,magic
magnifico,magnificent
maíz,corn
mal,bad
maleta,suitcase
malo,bad
mamá,mom
mancha,stain
mandar,"send, order"
mando,command
manejar,"drive, handle"
manera,"way, manner"
manga,sleeve
mango,mango
manguera,hose
mano,hand
manta,blanket
mantener,maintain
mantequilla,butter
manzana,apple
mañana,"tomorrow, morning"
mapa,map
máquina,machine
mar,sea
maravilla,wonder
maravilloso,wonderful
marca,brand
marcar,mark
marchar,march
marido,husband
marinero,sailor
mariposa,butterfly
mármol,marble
marrón,brown
martes,Tuesday
martillo,hammer
marzo,March
más,more
masa,dough
masaje,massage
mascota,pet
matar,kill
matemáticas,mathematics
material,material
mayo,May
mayor,"bigger, older"
me,me
mecánico,mechanic
media,"half, stocking"
mediano,medium
medianoche,midnight
medicina,medicine
médico,doctor
medida,measure
medio,"half, middle"
mediodía,noon
medir,measure
mejor,better
mejorar,improve
melocotón,peach
melodía,melody
memoria,memory
mendigo,beggar
menor,"smaller, younger"
menos,less
mensaje,message
mente,mind
mentir,lie
mentira,lie
mentón,chin
menú,menu
menudo,often
mercado,market
merecer,deserve
merienda,snack
mermelada,jam
mes,month
mesa,table
mesero,waiter
meta,goal
meter,put in
método,method
metro,"meter, subway"
mezclar,mix
mi,my
mí,me
miedo,fear
miel,honey
miembro,member
mientras,while
miércoles,Wednesday
mil,thousand
milagro,miracle
militar,military
millón,million
mina,mine
mineral,mineral
minuto,minute
mío,mine
mira,look
mirada,"look, gaze"
mirar,look
misa,mass
mismo,same
misterio,mystery
mitad,half
mochila,backpack
moda,fashion
modelo,model
moderno,modern
mojar,wet
molestar,bother
molino,mill
momento,moment
moneda,coin
monja,nun
mono,monkey
montaña,mountain
montar,"ride, mount"
monte,mountain
montón,"pile, heap"
monumento,monument
morado,purple
morder,bite
moreno,dark-skinned
morir,die
mosca,fly
mosquito,mosquito
mostrar,show
motivo,motive
moto,motorcycle
motor,engine
mover,move
movimiento,movement
mozo,waiter
muchacha,girl
muchacho,boy
mucho,"much, a lot"
mudarse,move
mueble,furniture
muela,molar
muerte,death
muerto,dead
muestra,sample
mujer,woman
multa,fine
mundial,worldwide
mundo,world
muñeca,"wrist, doll"
municipio,municipality
muro,wall
músculo,muscle
museo,museum
música,music
músico,musician
muy,very
nacer,be born
nacimiento,birth
nación,nation
nacional,national
nada,nothing
nadar,swim
nadie,nobody
naranja,orange
nariz,nose
narración,narration
narrar,narrate
natural,natural
naturaleza,nature
nave,ship
navegar,navigate
Navidad,Christmas
necesario,necessary
necesidad,need
necesitar,need
negar,deny
negativo,negative
negocio,business
negro,black
nervioso,nervous
ni,neither
nido,nest
niebla,fog
nieto,grandson
nieve,snow
ninguno,none
niña,girl
niñez,childhood
niño,child
nivel,level
no,no
noche,night
nombrar,name
nombre,name
normal,normal
norte,north
nos,us
nosotros,we
nota,note
noticia,news
novecientos,nine hundred
novela,novel
noventa,ninety
novia,girlfriend
noviembre,November
novio,boyfriend
nube,cloud
nublado,cloudy
nudo,knot
nuera,daughter-in-law
nuestro,our
nueve,nine
nuevo,new
nuez,walnut
número,number
nunca,never
o,or
obedecer,obey
objetivo,objective
objeto,object
obligar,oblige
obra,"work, play"
obrero,worker
observar,observe
obstáculo,obstacle
obtener,obtain
obvio,obvious
ocasión,occasion
occidental,western
océano,ocean
ochenta,eighty
ocho,eight
octubre,October
ocultar,hide
ocupado,busy
ocupar,occupy
ocurrir,happen
odiar,hate
odio,hatred
oeste,west
ofender,offend
oferta,offer
oficial,official
oficina,office
ofrecer,offer
oído,ear
oír,hear
ojo,eye
ola,wave
oler,smell
olor,smell
olvidar,forget
olla,pot
once,eleven
operación,operation
operar,operate
opinar,think
opinión,opinion
oportunidad,opportunity
oposición,opposition
oración,"sentence, prayer"
orden,order
ordenador,computer
ordenar,"order, tidy"
oreja,ear
organizar,organize
orgulloso,proud
oriental,eastern
origen,origin
orilla,shore
oro,gold
oscuro,dark
oso,bear
otoño,autumn
otro,other
oveja,sheep
oxígeno,oxygen
paciente,patient
padre,father
padres,parents
pagar,pay
página,page
pago,payment
país,country
paisaje,landscape
pájaro,bird
palabra,word
palacio,palace
pálido,pale
palma,palm
palo,stick
paloma,dove
pan,bread
panadería,bakery
panadero,baker
pandilla,gang
pantalón,trousers
pantalla,screen
pañuelo,handkerchief
papá,dad
papel,paper
paquete,package
par,pair
para,for
parada,stop
paraguas,umbrella
parar,stop
parecer,"seem, look like"
pared,wall
pareja,"couple, partner"
pariente,relative
parque,park
párrafo,paragraph
parrilla,grill
parte,part
participar,participate
particular,particular
partido,"party, match"
partir,depart
pasado,past
pasajero,passenger
pasar,"pass, happen"
pasatiempo,hobby
Pascua,Easter
pasear,stroll
paseo,walk
pasillo,hallway
pasión,passion
paso,step
pasta,pasta
pastel,cake
pastor,shepherd
pata,paw
patata,potato
patear,kick
patio,patio
pato,duck
patria,homeland
patrón,"pattern, boss"
pausa,pause
pavo,turkey
paz,peace
peatón,pedestrian
pecho,chest
pedazo,piece
pedir,"ask for, order"
pegar,"hit, stick"
peinar,comb
peine,comb
pelear,fight
película,film
peligro,danger
peligroso,dangerous
pelo,hair
pelota,ball
pena,"sorrow, penalty"
pendiente,"pending, earring"
pensar,think
pensión,pension
peor,worse
pepino,cucumber
pequeño,small
pera,pear
perder,lose
pérdida,loss
perdón,pardon
perdonar,forgive
perezoso,lazy
perfecto,perfect
perfume,perfume
periódico,newspaper
periodista,journalist
período,period
permiso,permission
permitir,allow
pero,but
perro,dog
perseguir,chase
persona,person
personal,personal
pertenecer,belong
pesado,heavy
pesar,"weigh, despite"
pesca,fishing
pescado,fish
pescar,fish
peso,weight
pestaña,eyelash
pez,fish
piano,piano
picante,spicy
picar,"bite, chop"
pie,foot
piedra,stone
piel,skin
pierna,leg
pieza,piece
pijama,pajamas
pila,"battery, pile"
piloto,pilot
pimienta,pepper
pintar,paint
pintor,painter
pintura,paint
piña,pineapple
piscina,swimming pool
piso,"floor, apartment"
pista,"track, clue"
pizarra,blackboard
placer,pleasure
plan,plan
plancha,iron
planchar,iron
planeta,planet
plano,flat
planta,plant
plantar,plant
plástico,plastic
plata,silver
plátano,banana
plato,"plate, dish"
playa,beach
plaza,square
plazo,"term, deadline"
pluma,"feather, pen"
población,population
pobre,poor
pobreza,poverty
poco,"little, few"
poder,"can, power"
poderoso,powerful
poema,poem
poesía,poetry
poeta,poet
policía,police
política,politics
político,political
pollo,chicken
polvo,dust
pomelo,grapefruit
poner,put
ponerse,put on
popular,popular
por,"for, by, through"
porcentaje,percentage
porque,because
por qué,why
portero,doorman
porvenir,future
poseer,possess
posibilidad,possibility
posible,possible
posición,position
positivo,positive
postal,postcard
postre,dessert
potencia,power
pozo,well
práctica,practice
practicar,practice
precio,price
precioso,precious
preciso,precise
preferir,prefer
pregunta,question
preguntar,ask
premio,prize
prensa,press
preocupar,worry
preparar,prepare
presentar,present
presente,present
preservar,preserve
presidente,president
presión,pressure
prestar,lend
presupuesto,budget
primavera,spring
primero,first
primo,cousin
princesa,princess
principal,main
príncipe,prince
principio,beginning
prisa,hurry
prisión,prison
privado,private
probar,"try, taste"
problema,problem
procedimiento,procedure
proceso,process
producir,produce
producto,product
profesión,profession
profesor,teacher
profundo,deep
programa,program
progreso,progress
prohibir,prohibit
prometer,promise
pronto,soon
pronunciar,pronounce
propiedad,property
propietario,owner
propio,own
proponer,propose
propósito,purpose
propuesta,proposal
proteger,protect
protestar,protest
proveer,provide
provincia,province
provocar,provoke
próximo,next
proyecto,project
prueba,"test, proof"
publicar,publish
público,public
pueblo,"town, people"
puente,bridge
puerco,pig
puerta,door
puerto,port
pues,"well, since"
puesto,"position, stall"
pulgada,inch
pulmón,lung
pulpo,octopus
pulsera,bracelet
punta,"tip, point"
punto,point
puñetazo,punch
puño,fist
pupila,pupil
pupitre,desk
puro,pure
que,"that, which"
qué,what
quedar,"remain, stay"
quedarse,stay
quejarse,complain
quemar,burn
querer,"want, love"
querido,dear
queso,cheese
quien,who
quieto,still
química,chemistry
quince,fifteen
quinientos,five hundred
quitar,remove
quitarse,take off
quizás,perhaps
rabo,tail
ración,portion
radio,radio
raíz,root
rama,branch
ramo,bouquet
rápido,fast
raro,"rare, strange"
rato,while
ratón,mouse
rayo,"ray, lightning"
raza,"race, breed"
razón,reason
reaccionar,react
realidad,reality
realizar,"carry out, achieve"
rebajar,reduce
receta,recipe
recibir,receive
recibo,receipt
reciclar,recycle
recién,recently
recoger,"pick up, collect"
recomendar,recommend
reconocer,recognize
recordar,remember
recorrer,travel through
recortar,cut out
recreo,recess
recto,straight
recuerdo,"memory, souvenir"
recurso,resource
red,network
redactar,write
redondo,round
reducir,reduce
reemplazar,replace
referencia,reference
reflejar,reflect
refresco,soft drink
refrigerador,refrigerator
regalar,give a gift
regalo,gift
regar,water
región,region
regla,"rule, ruler"
regresar,return
regular,regular
reina,queen
reír,laugh
reja,"bar, grill"
relación,relationship
relajar,relax
relato,story
religión,religion
reloj,"watch, clock"
remedio,remedy
rendirse,surrender
renovar,renew
renta,rent
renunciar,resign
reparar,repair
repartir,distribute
repasar,review
repente,sudden
repetir,repeat
reportar,report
representar,represent
reproducir,reproduce
república,republic
requerir,require
res,"head of cattle"
reserva,reservation
reservar,reserve
resfriado,cold
residencia,residence
resistir,resist
resolver,solve
respetar,respect
respeto,respect
respirar,breathe
responder,answer
responsable,responsible
respuesta,answer
restaurante,restaurant
resto,rest
resultado,result
resumen,summary
retirar,withdraw
retrato,portrait
reunión,meeting
reunir,gather
revelar,reveal
revista,magazine
revolución,revolution
revolver,stir
rey,king
rezar,pray
rico,"rich, delicious"
riesgo,risk
rígido,rigid
rincón,corner
riñón,kidney
río,river
riqueza,wealth
ritmo,rhythm
robar,steal
roca,rock
rodear,surround
rodilla,knee
rojo,red
romper,break
ropa,"clothes, clothing"
ropero,wardrobe
rosa,"pink, rose"
rostro,face
roto,broken
rubio,blond
rudo,rude
rueda,wheel
rugir,roar
ruido,noise
ruta,route
sábado,Saturday
sábana,sheet
saber,know
sabio,wise
sabor,flavor
sabroso,tasty
sacar,take out
saco,"bag, jacket"
sacrificio,sacrifice
sagrado,sacred
sal,salt
sala,"living room, hall"
salario,salary
salchicha,sausage
salida,"exit, departure"
salir,"go out, leave"
salmón,salmon
salón,"living room, salon"
salsa,sauce
saltar,jump
salto,jump
salud,health
saludable,healthy
saludar,greet
saludo,greeting
salvaje,wild
salvar,save
sandía,watermelon
sangre,blood
sano,healthy
santo,"saint, holy"
sapo,toad
sartén,frying pan
sastre,tailor
satisfecho,satisfied
se,oneself
secar,dry
seco,dry
secretario,secretary
secreto,secret
sector,sector
sed,thirst
seda,silk
seguida,immediately
seguir,follow
según,according to
segundo,second
seguridad,security
seguro,"safe, sure"
seis,six
selección,selection
selva,jungle
semáforo,traffic light
semana,week
semilla,seed
senador,senator
sencillo,simple
sentado,seated
sentar,seat
sentido,"sense, meaning"
sentimiento,feeling
sentir,feel
señal,sign
señalar,point out
señor,mister
señora,madam
señorita,miss
separar,separate
septiembre,September
ser,be
serio,serious
serpiente,snake
servicio,service
servidor,server
servilleta,napkin
servir,serve
sesenta,sixty
sesión,session
setenta,seventy
sexto,sixth
si,if
sí,yes
siempre,always
siete,seven
significado,meaning
significar,mean
siglo,century
siguiente,following
silencio,silence
silla,chair
sillón,armchair
símbolo,symbol
simpático,nice
sin,without
sincero,sincere
sino,but
sistema,system
sitio,"place, site"
situación,situation
sobre,"on, about, envelope"
sobrino,nephew
social,social
sociedad,society
socio,partner
sofá,sofa
sol,sun
soldado,soldier
soledad,loneliness
soler,"usually, tend to"
solicitar,apply
solicitud,application
solo,"alone, only"
soltar,release
soltero,single
solución,solution
sombra,shadow
sombrero,hat
sonar,"ring, sound"
sonreír,smile
sonrisa,smile
soñar,dream
sopa,soup
soplar,blow
soportar,bear
sordo,deaf
sorprender,surprise
sorpresa,surprise
sospechar,suspect
sótano,basement
su,"his, her, your, their"
suave,soft
subir,"go up, climb"
suceder,happen
sucio,dirty
sudar,sweat
sudor,sweat
suegro,father-in-law
sueldo,salary
suelo,"floor, ground"
sueño,"dream, sleep"
suerte,luck
suéter,sweater
suficiente,enough
sufrir,suffer
sugerir,suggest
sujetar,hold
sujeto,subject
suma,sum
sumar,add
superficie,surface
superior,upper
supermercado,supermarket
suplicar,beg
suponer,suppose
sur,south
surgir,arise
suspender,suspend
susto,fright
suyo,"his, hers, yours, theirs"
tabla,board
tacto,touch
tal,such
talento,talent
taller,workshop
tamaño,size
también,also
tampoco,neither
tan,so
tapa,lid
tapar,cover
tapete,rug
tardar,take time
tarde,"afternoon, late"
tarea,"task, homework"
tarjeta,card
taza,cup
tazón,bowl
te,you
té,tea
teatro,theater
techo,"roof, ceiling"
teclado,keyboard
técnica,technique
tecnología,technology
tela,fabric
teléfono,telephone
televisión,television
tema,"topic, theme"
temblar,tremble
temer,fear
temperatura,temperature
tempestad,storm
templo,temple
temporada,season
temprano,early
tenedor,fork
tener,have
teniente,lieutenant
tenis,tennis
tensión,tension
terapia,therapy
tercero,third
terminar,finish
término,term
ternera,veal
terraza,terrace
terremoto,earthquake
terreno,"terrain, land"
terrible,terrible
territorio,territory
tesoro,treasure
testigo,witness
texto,text
ti,you
tía,aunt
tibio,lukewarm
tiempo,"time, weather"
tienda,store
tierra,"earth, land"
tigre,tiger
tijeras,scissors
timbre,doorbell
tímido,shy
tinta,ink
tinto,"red wine"
tío,uncle
tipo,type
tirar,"pull, throw"
título,title
tiza,chalk
toalla,towel
tobillo,ankle
tocar,"touch, play"
todavía,still
todo,"all, everything"
toma,take
tomar,take
tomate,tomato
tono,tone
tonto,"silly, fool"
tormenta,storm
tornillo,screw
toro,bull
torpe,clumsy
torre,tower
tortilla,tortilla
tortuga,turtle
tos,cough
toser,cough
tostada,toast
total,total
trabajador,worker
trabajar,work
trabajo,work
tradición,tradition
traducir,translate
traer,bring
tráfico,traffic
tragar,swallow
traje,"suit, dress"
trampa,trap
tranquilo,"calm, quiet"
transformar,transform
transporte,transport
trapo,rag
tratar,"try, treat"
trato,deal
través,through
travieso,naughty
trece,thirteen
treinta,thirty
tremendo,tremendous
tren,train
trepar,climb
tres,three
tribu,tribe
trigo,wheat
triste,sad
tristeza,sadness
triunfo,triumph
trofeo,trophy
tronar,thunder
tropezar,trip
trozo,piece
trueno,thunder
tu,your
tú,you
tumba,tomb
túnel,tunnel
turismo,tourism
turista,tourist
turno,"turn, shift"
tutear,"address informally"
último,last
un,"a, an"
una,"a, an"
único,"unique, only"
uniforme,uniform
unir,unite
universidad,university
universo,universe
uno,one
unos,some
uña,fingernail
urgente,urgent
usar,use
uso,use
usted,you
uva,grape
vaca,cow
vacaciones,vacation
vaciar,empty
vacío,empty
vacuna,vaccine
valer,be worth
valiente,brave
valle,valley
valor,"value, courage"
valorar,value
vamos,let's go
vano,vain
vapor,steam
vaquero,cowboy
variedad,variety
varios,several
varón,male
vaso,glass
vecindad,neighborhood
vecino,neighbor
vegetal,vegetable
vehículo,vehicle
veinte,twenty
vela,"candle, sail"
velocidad,speed
vena,vein
vencer,defeat
vendedor,seller
vender,sell
venir,come
ventaja,advantage
ventana,window
ventilador,fan
ver,see
verano,summer
verbo,verb
verdad,truth
verdadero,true
verde,green
verdura,vegetable
vergüenza,shame
verificar,verify
vestido,dress
vestir,dress
veterinario,veterinarian
vez,time
viajar,travel
viaje,trip
víctima,victim
victoria,victory
vida,life
vidrio,glass
viejo,old
viento,wind
viernes,Friday
vigilar,watch
vinagre,vinegar
vino,wine
violencia,violence
violeta,violet
virtud,virtue
visita,visit
visitar,visit
vista,view
viudo,widower
vivienda,dwelling
vivir,live
vivo,alive
vocabulario,vocabulary
volar,fly
volcán,volcano
volumen,volume
voluntad,will
volver,return
vosotros,you all
votar,vote
voto,vote
voz,voice
vuelo,flight
vuelta,"turn, return"
vuestro,your
ya,already
yerno,son-in-law
yo,I
zanahoria,carrot
zapato,shoe
zona,zone
zoológico,zoo
zumo,juice
abierta,open (feminine)
abres,you open
abrirla,to open it
acerca,about
acercarte,to approach
activada,activated
adentra,goes into
aguas,waters
alas,wings
alcance,reach
alejan,move away
algunas,some (feminine)
algunos,some (masculine)
alzan,rise
amargo,bitter
amarillas,yellow (feminine plural)
animales,animals
araucaria,araucaria (monkey puzzle tree)
araucarias,araucarias (monkey puzzle trees)
arbustos,bushes
aroma,aroma
arrodillas,you kneel
atraen,attract
baja,goes down
bayas,berries
bebes,you drink
bisagras,hinges
blancas,white (feminine plural)
bonitas,pretty
brasas,embers
brillan,shine
brillando,shining
brillante,bright
brillantes,bright (plural)
buen,good
buscando,searching
cabaña,"cabin, hut"
calientes,hot (plural)
cantan,they sing
cantos,songs
casas,houses
castaña,chestnut
caído,"fallen, fell"
caídos,fallen (plural)
cercano,nearby
cerrada,closed (feminine)
cerámica,ceramic
chile,Chile
chilote,from Chiloé
cierras,you close
clara,clear (feminine)
colores,colors
como,like
construida,built (feminine)
contemplar,contemplate
crecen,grow
cresta,crest
cristalinas,crystalline
cráter,crater
cubierta,covered (feminine)
cubiertas,covered (feminine plural)
cumbres,summits
curiosidad,curiosity
da,gives
dejando,leaving
dejarlas,to leave them
dejarlos,to leave them
desactivada,deactivated
desaparece,disappears
descansa,rests
descascarada,peeling
desciende,descends
descubre,discover
diferentes,different
dominan,dominate
dosel,canopy
duras,hard (feminine plural)
elevan,rise
enormes,enormous
entra,enters
entumecen,go numb
es,is
escabulle,sneaks away
escamas,scales
escondidos,hidden
espectacular,spectacular
está,is
están,are
estás,you are
explora,explore
extenso,extensive
fijamente,fixedly
filtra,filters
flores,flowers
formado,formed
formando,forming
fría,cold (feminine)
gastados,worn out
golpea,hits
golpeteo,pecking
grandes,big
grises,gray (plural)
gruesos,thick
habla,speak
hable,speak (subjunctive)
hecha,made (feminine)
hierbas,herbs
hojas,leaves
huele,smells
húmeda,humid
ilumina,illuminates
impresionante,impressive
inclina,tilts
increíblemente,incredibly
insectos,insects
intimidante,intimidating
ligeramente,slightly
lisas,smooth (feminine plural)
majestuosa,majestic (feminine)
majestuosos,majestic (plural)
mapuche,Mapuche (indigenous people of Chile)
marcas,marks
mariposas,butterflies
mate,mate (herbal drink)
milenarios,millennial
mirador,viewpoint
montañas,mountains
muerdes,you bite
nadan,swim
nadando,swimming
nativos,native (plural)
necesitarías,you would need
nevadas,snow-covered
observa,observes
ocasionalmente,occasionally
oscura,dark (feminine)
oscuras,dark (feminine plural)
ovalada,oval
oyen,are heard
parecido,similar
paredes,walls
pastos,pastures
patrones,patterns
pelaje,fur
pequeña,small (feminine)
pequeñas,small (feminine plural)
piedras,stones
pies,feet
pino,pine
piñones,pine nuts (from araucaria)
piñón,pine nut
plana,flat (feminine)
plateado,silver
plumaje,plumage
probablemente,probably
profunda,deep (feminine)
puedas,you can (subjunctive)
pueden,they can
puedes,you can
pulir,to polish
puntiagudas,pointed
pura,pure (feminine)
pájaros,birds
quemaduras,burn marks
ramas,branches
reconfortante,comforting
rectos,straight
refleja,reflects
regreso,return
remos,oars
resina,resin
respirando,breathing
resuena,resonates
revolotean,flutter
robusta,robust (feminine)
rocoso,rocky
roja,red (feminine)
rojas,red (feminine plural)
rojizas,reddish
rojizo,reddish
rápidamente,quickly
rápidas,fast (feminine plural)
rítmico,rhythmic
rústica,rustic (feminine)
sagrados,sacred
saliendo,coming out
saltan,jump
secas,dry (feminine plural)
secretos,secrets
semillas,seeds
sendero,path
sentarse,to sit down
serpentea,winds
serpenteante,winding
sientas,you sit
siente,feels
sientes,you feel
silueta,silhouette
silvestres,wild
son,are
sorbo,sip
sube,goes up
subes,you go up
sus,their
síntesis,synthesis
sólido,solid
tablones,planks
tejas,tiles
tiene,has
tienen,have
tienes,you have
tomas,you take
tradicional,traditional
tronco,trunk
troncos,logs
truchas,trout
tus,your
usa,use
varias,several
ve,sees
verdes,green (plural)
vetas,veins (in stone)
violetas,violet
vivos,vivid
volando,flying
volcanes,volcanoes
vuela,flies
vuelan,fly (plural)
zorro,"fox, Chilean fox"
árboles,trees
